아그라,인도
브뤼셀,벨기에
부쿠레슈티,루마니아
부에노스아이레스,아르헨티나
카이로,이집트
칸쿤,멕시코
델리,인도
도하,카타르
더블린,아일랜드
푸켓,태국
에딘버러,영국
항저우,중국
호놀룰루,호놀룰루
리스본,포르투갈
싱가폴,싱가폴
멕시코시티,멕시코
푼타카나,도미니카 공화국
씨엠립,캄보디아
상트페테르부르크,러시아
후치우,중국
치앙마이,태국
프랑크푸르트,독일
베를린,독일
함부르크,독일
아테네,그리스
피렌체,이탈리아
하노이,베트남
마드리드,스페인
그라나다,스페인
토론토,캐나다
몬트리올,캐나다
산티아고,칠레
코펜하겐,덴마크
시드니,호주
샌프란시스코,미국
뮌헨,독일
마닐라,필리핀
호치민,베트남
밴쿠버,캐나다
리우데자네이루,브라질
상파울로,브라질
계림,중국
끄라비,태국
올랜도,미국
제주도,한국
부다페스트,헝가리
취리히,스위스
베른,스위스
자카르타,인도네시아
멜버른,호주
홍콩,홍콩
싱가포르,싱가포르
방콕,태국
런던,영국
파리,프랑스
뉴욕,미국
이스탄불,터키
두바이,아랍에미리트
로마,이탈리아
오슬로,노르웨이
바르샤바,폴란드
푸켓,타이
프라하,체코
상하이,중국
라스베이거스,미국
밀라노,이탈리아
카트만두,네팔
바르셀로나 ,스페인
모스크바,러시아
암스테르담,네덜란드
로테르담,네덜란드
오클랜드,뉴질랜드
빈,오스트리아
잘츠부르크,오스트리아
베니스,이탈리아
나폴리,이탈리아
도쿄,일본
다낭,베트남
호이안,베트남
오사카,일본
청도,중국
타이페이,대만
후쿠오카,일본
보라카이,필리핀
켄버라,호주